Entity,Code,Year,Poultry,Beef and buffalo,Sheep and goat,Pork,Other meats,Fish and seafood
Africa,OWID_AFR,2010,8.25,6.31,2.39,2.07,2.33,12.57
Africa,OWID_AFR,2011,8.9,6.44,2.38,2.2,2.35,12.86
Africa,OWID_AFR,2012,9.12,6.27,2.27,2.23,2.3,13.19
Africa,OWID_AFR,2013,9.32,6.23,2.27,2.38,2.2,13.37
Africa,OWID_AFR,2014,9.54,6.26,2.37,2.74,2.28,13.72
Africa,OWID_AFR,2015,9.75,6.28,2.35,2.74,2.31,13.31
Africa,OWID_AFR,2016,9.65,6.09,2.32,2.77,2.25,13.57
Africa,OWID_AFR,2017,10.13,6.05,2.31,2.85,2.19,13.55
Africa,OWID_AFR,2018,10.7,5.97,2.35,2.71,2.2,13.37
Africa,OWID_AFR,2019,10.24,5.66,2.27,3.1,2.09,13.3
Africa,OWID_AFR,2020,10.78,5.84,2.29,3.17,2.09,12.79
Africa,OWID_AFR,2021,11.63,6.04,2.22,3.13,2.07,12.85
Africa,OWID_AFR,2022,11.65,6.06,2.29,3.16,2.02,12.6
Africa,OWID_AFR,2023,11.71,6.13,2.3,3.08,2.03,12.35
Asia,OWID_ASI,2010,17.03,8.94,4.79,8.41,1.09,22.24
Asia,OWID_ASI,2011,17.42,9.08,4.67,8.59,1.19,22.47
Asia,OWID_ASI,2012,17.21,9.24,4.72,8.84,1.29,22.49
Asia,OWID_ASI,2013,17.07,9.41,4.92,8.91,1.22,22.27
Asia,OWID_ASI,2014,16.89,9.69,4.8,9.09,1.16,22.54
Asia,OWID_ASI,2015,17.28,9.86,5.0,9.29,1.22,22.54
Asia,OWID_ASI,2016,17.65,10.08,4.78,9.36,1.21,22.24
Asia,OWID_ASI,2017,17.78,10.4,4.86,9.44,1.26,21.53
Asia,OWID_ASI,2018,18.1,10.71,4.9,9.47,1.26,21.56
Asia,OWID_ASI,2019,19.0,10.84,5.05,8.99,1.45,21.5
Asia,OWID_ASI,2020,19.35,10.77,5.37,8.4,1.43,20.96
Asia,OWID_ASI,2021,19.7,11.3,5.41,8.54,1.48,21.09
Asia,OWID_ASI,2022,19.53,10.88,5.46,8.72,1.67,20.85
Asia,OWID_ASI,2023,19.32,10.61,5.51,8.96,1.67,20.64
Europe,OWID_EUR,2010,20.16,14.56,2.5,34.55,1.85,22.23
Europe,OWID_EUR,2011,20.19,14.18,2.52,34.26,1.81,22.18
Europe,OWID_EUR,2012,20.88,13.99,2.51,33.79,1.83,21.62
Europe,OWID_EUR,2013,20.94,13.84,2.53,33.43,1.89,22.15
Europe,OWID_EUR,2014,20.85,13.34,2.52,32.93,1.69,22.29
Europe,OWID_EUR,2015,21.04,13.24,2.4,33.85,1.61,21.72
Europe,OWID_EUR,2016,21.64,13.4,2.39,34.19,1.59,22.18
Europe,OWID_EUR,2017,21.69,13.27,2.33,34.33,1.51,22.42
Europe,OWID_EUR,2018,22.32,13.58,2.36,35.27,1.5,22.06
Europe,OWID_EUR,2019,22.85,13.64,2.24,34.5,1.13,22.21
Europe,OWID_EUR,2020,22.97,13.49,2.16,33.89,1.03,21.31
Europe,OWID_EUR,2021,22.55,13.43,2.06,35.06,1.12,21.67
Europe,OWID_EUR,2022,23.89,13.55,2.08,34.48,1.17,21.56
Europe,OWID_EUR,2023,25.34,13.6,2.08,34.31,1.18,21.45
North America,OWID_NAM,2010,39.76,12.86,1.26,11.35,0.54,19.34
North America,OWID_NAM,2011,39.02,11.98,1.11,10.85,0.47,19.67
North America,OWID_NAM,2012,39.63,12.02,1.16,11.18,0.48,19.29
North America,OWID_NAM,2013,39.65,12.11,1.12,10.86,0.49,19.53
North America,OWID_NAM,2014,40.23,11.92,1.21,12.41,0.53,20.59
North America,OWID_NAM,2015,40.77,11.86,1.07,13.02,0.51,20.42
North America,OWID_NAM,2016,40.49,11.36,1.05,13.21,0.51,20.57
North America,OWID_NAM,2017,41.67,10.91,1.1,13.24,0.54,21.32
North America,OWID_NAM,2018,43.21,11.08,1.01,13.66,0.45,21.96
North America,OWID_NAM,2019,42.93,11.01,1.0,13.31,0.31,21.01
North America,OWID_NAM,2020,44.51,10.53,0.97,12.98,0.29,20.77
North America,OWID_NAM,2021,46.05,10.84,0.92,13.87,0.36,20.38
North America,OWID_NAM,2022,45.92,11.46,1.25,14.38,0.3,20.3
North America,OWID_NAM,2023,46.4,11.8,1.18,14.63,0.28,20.2
Oceania,OWID_OCE,2010,25.73,15.25,5.59,13.49,5.54,36.79
Oceania,OWID_OCE,2011,27.25,16.56,4.74,13.47,5.84,37.17
Oceania,OWID_OCE,2012,27.55,15.63,5.29,14.01,5.61,37.11
Oceania,OWID_OCE,2013,26.81,15.32,4.65,14.06,5.56,36.47
Oceania,OWID_OCE,2014,28.81,15.36,4.5,14.08,5.38,36.82
Oceania,OWID_OCE,2015,29.31,13.97,4.44,14.43,5.34,36.73
Oceania,OWID_OCE,2016,30.45,14.49,4.99,15.16,5.15,36.26
Oceania,OWID_OCE,2017,31.71,13.52,4.05,14.9,5.07,35.34
Oceania,OWID_OCE,2018,32.92,13.61,4.07,15.33,5.14,35.83
Oceania,OWID_OCE,2019,32.97,11.56,3.81,14.81,5.15,35.88
Oceania,OWID_OCE,2020,30.98,13.4,3.58,13.99,4.91,35.23
Oceania,OWID_OCE,2021,31.56,12.89,3.19,15.75,4.85,34.42
Oceania,OWID_OCE,2022,33.82,13.88,4.22,14.87,4.89,34.03
Oceania,OWID_OCE,2023,34.66,12.25,4.63,15.42,4.72,33.63
South America,OWID_SAM,2010,29.41,20.84,1.12,8.79,0.55,11.29
South America,OWID_SAM,2011,30.67,21.01,1.05,9.15,0.52,11.58
South America,OWID_SAM,2012,30.96,20.72,1.1,9.49,0.54,11.85
South America,OWID_SAM,2013,30.57,22.48,0.83,9.88,0.56,11.34
South America,OWID_SAM,2014,32.06,21.59,0.86,10.46,0.58,11.76
South America,OWID_SAM,2015,32.45,20.77,0.8,10.47,0.58,11.32
South America,OWID_SAM,2016,31.74,19.64,0.81,10.82,0.57,11.1
South America,OWID_SAM,2017,31.44,20.98,0.75,11.01,0.59,11.42
South America,OWID_SAM,2018,33.57,20.54,0.83,11.48,0.66,11.44
South America,OWID_SAM,2019,34.91,20.27,0.83,11.59,0.64,11.6
South America,OWID_SAM,2020,35.41,19.59,0.93,11.22,0.65,11.54
South America,OWID_SAM,2021,37.33,18.23,0.77,12.29,0.71,11.99
South America,OWID_SAM,2022,38.32,17.48,0.85,12.75,0.68,11.91
South America,OWID_SAM,2023,37.81,18.17,0.77,13.32,0.61,11.83
